
{
    "name": "Clavier AZERTY (Français)",
    "keys": [
        [
            {"key": "²", "shift": "~", "code": "Backquote"},
            {"key": "&", "shift": "1", "code": "Digit1"},
            {"key": "é", "shift": "2", "altGr": "~", "code": "Digit2"},
            {"key": """, "shift": "3", "altGr": "#", "code": "Digit3"},
            {"key": "", "shift": "4", "altGr": "{", "code": "Digit4"},
            {"key": "(", "shift": "5", "altGr": "[", "code": "Digit5"},
            {"key": "-", "shift": "6", "altGr": "|", "code": "Digit6"},
            {"key": "è", "shift": "7", "altGr": "`", "code": "Digit7"},
            {"key": "_", "shift": "8", "altGr": "\\", "code": "Digit8"},
            {"key": "ç", "shift": "9", "altGr": "^", "code": "Digit9"},
            {"key": "à", "shift": "0", "altGr": "@", "code": "Digit0"},
            {"key": ")", "shift": "°", "altGr": "]", "code": "Minus"},
            {"key": "=", "shift": "+", "altGr": "}", "code": "Equal"},
            {"key": "Backspace", "type": "special", "code": "Backspace", "class": "key-backspace"}
        ],
        [
            {"key": "Tab", "type": "special", "code": "Tab", "class": "key-tab"},
            {"key": "a", "shift": "A", "code": "KeyA"},
            {"key": "z", "shift": "Z", "code": "KeyZ"},
            {"key": "e", "shift": "E", "altGr": "€", "code": "KeyE"},
            {"key": "r", "shift": "R", "code": "KeyR"},
            {"key": "t", "shift": "T", "code": "KeyT"},
            {"key": "y", "shift": "Y", "code": "KeyY"},
            {"key": "u", "shift": "U", "code": "KeyU"},
            {"key": "i", "shift": "I", "code": "KeyI"},
            {"key": "o", "shift": "O", "code": "KeyO"},
            {"key": "p", "shift": "P", "code": "KeyP"},
            {"key": "^", "shift": "¨", "code": "BracketLeft"},
            {"key": "$", "shift": "£", "code": "BracketRight"},
            {"key": "Enter", "type": "special", "code": "Enter", "class": "key-enter"}
        ],
        [
            {"key": "CapsLock", "type": "special", "code": "CapsLock", "class": "key-capslock"},
            {"key": "q", "shift": "Q", "code": "KeyQ"},
            {"key": "s", "shift": "S", "code": "KeyS"},
            {"key": "d", "shift": "D", "code": "KeyD"},
            {"key": "f", "shift": "F", "code": "KeyF"},
            {"key": "g", "shift": "G", "code": "KeyG"},
            {"key": "h", "shift": "H", "code": "KeyH"},
            {"key": "j", "shift": "J", "code": "KeyJ"},
            {"key": "k", "shift": "K", "code": "KeyK"},
            {"key": "l", "shift": "L", "code": "KeyL"},
            {"key": "m", "shift": "M", "code": "Semicolon"},
            {"key": "ù", "shift": "%", "code": "Quote"}
        ],
        [
            {"key": "Shift", "type": "special", "code": "ShiftLeft", "class": "key-shift"},
            {"key": "<", "shift": ">", "code": "IntlBackslash"},
            {"key": "w", "shift": "W", "code": "KeyW"},
            {"key": "x", "shift": "X", "code": "KeyX"},
            {"key": "c", "shift": "C", "code": "KeyC"},
            {"key": "v", "shift": "V", "code": "KeyV"},
            {"key": "b", "shift": "B", "code": "KeyB"},
            {"key": "n", "shift": "N", "code": "KeyN"},
            {"key": ",", "shift": "?", "code": "Comma"},
            {"key": ";", "shift": ".", "code": "Period"},
            {"key": ":", "shift": "/", "code": "Slash"},
            {"key": "Shift", "type": "special", "code": "ShiftRight", "class": "key-shift"}
        ],
        [
            {"key": "Ctrl", "type": "special", "code": "ControlLeft", "class": "key-ctrl"},
            {"key": "Alt", "type": "special", "code": "AltLeft", "class": "key-alt"},
            {"key": " ", "type": "space", "code": "Space", "class": "key-space"},
            {"key": "AltGr", "type": "special", "code": "AltGraph", "class": "key-altgr"},
            {"key": "Ctrl", "type": "special", "code": "ControlRight", "class": "key-ctrl"}
        ]
    ]
}

