
{
    "name": "Clavier Darija Étendu",
    "keys": [
        [
            {"key": "ذ", "shift": "~", "code": "Backquote"},
            {"key": "1", "shift": "!", "code": "Digit1"},
            {"key": "2", "shift": "@", "code": "Digit2"},
            {"key": "3", "shift": "#", "code": "Digit3"},
            {"key": "4", "shift": "$", "code": "Digit4"},
            {"key": "5", "shift": "%", "code": "Digit5"},
            {"key": "6", "shift": "^", "code": "Digit6"},
            {"key": "7", "shift": "&", "code": "Digit7"},
            {"key": "8", "shift": "*", "code": "Digit8"},
            {"key": "9", "shift": "(", "code": "Digit9"},
            {"key": "0", "shift": ")", "code": "Digit0"},
            {"key": "-", "shift": "_", "code": "Minus"},
            {"key": "=", "shift": "+", "code": "Equal"},
            {"key": "Backspace", "type": "special", "code": "Backspace", "class": "key-backspace"}
        ],
        [
            {"key": "Tab", "type": "special", "code": "Tab", "class": "key-tab"},
            {"key": "ض", "shift": "َ", "code": "KeyQ"},
            {"key": "ص", "shift": "ً", "code": "KeyW"},
            {"key": "ث", "shift": "ُ", "code": "KeyE"},
            {"key": "ق", "shift": "ٌ", "code": "KeyR"},
            {"key": "ف", "shift": "إ", "code": "KeyT"},
            {"key": "غ", "shift": "أ", "code": "KeyY"},
            {"key": "ع", "shift": "ـ", "code": "KeyU"},
            {"key": "ه", "shift": "÷", "code": "KeyI"},
            {"key": "خ", "shift": "×", "code": "KeyO"},
            {"key": "ح", "shift": "؛", "code": "KeyP"},
            {"key": "ج", "shift": "<", "code": "BracketLeft"},
            {"key": "د", "shift": ">", "code": "BracketRight"},
            {"key": "\", "shift": "|", "code": "Backslash"}
        ],
        [
            {"key": "CapsLock", "type": "special", "code": "CapsLock", "class": "key-capslock"},
            {"key": "ش", "shift": "ِ", "code": "KeyA"},
            {"key": "س", "shift": "", "code": "KeyS"},
            {"key": "ي", "shift": "", "code": "KeyD"},
            {"key": "ب", "shift": "", "code": "KeyF"},
            {"key": "ل", "shift": "", "code": "KeyG"},
            {"key": "ا", "shift": "لأ", "code": "KeyH"},
            {"key": "ت", "shift": "لإ", "code": "KeyJ"},
            {"key": "ن", "shift": "آ", "code": "KeyK"},
            {"key": "م", "shift": "ـ", "code": "KeyL"},
            {"key": "ك", "shift": ":", "code": "Semicolon"},
            {"key": "ط", "shift": "\"", "code": "Quote"},
            {"key": "Enter", "type": "special", "code": "Enter", "class": "key-enter"}
        ],
        [
            {"key": "Shift", "type": "special", "code": "ShiftLeft", "class": "key-shift"},
            {"key": "ئ", "shift": "", "code": "KeyZ"},
            {"key": "ء", "shift": "", "code": "KeyX"},
            {"key": "ؤ", "shift": "", "code": "KeyC"},
            {"key": "ر", "shift": "", "code": "KeyV"},
            {"key": "لا", "shift": "", "code": "KeyB"},
            {"key": "ى", "shift": "", "code": "KeyN"},
            {"key": "ة", "shift": "", "code": "KeyM"},
            {"key": "و", "shift": ",", "code": "Comma"},
            {"key": "ز", "shift": ".", "code": "Period"},
            {"key": "ظ", "shift": "/", "code": "Slash"},
            {"key": "Shift", "type": "special", "code": "ShiftRight", "class": "key-shift"}
        ],
        [
            {"key": "Ctrl", "type": "special", "code": "ControlLeft", "class": "key-ctrl"},
            {"key": "Alt", "type": "special", "code": "AltLeft", "class": "key-alt"},
            {"key": " ", "type": "space", "code": "Space", "class": "key-space"},
            {"key": "AltGr", "type": "special", "code": "AltGraph", "class": "key-altgr"},
            {"key": "Ctrl", "type": "special", "code": "ControlRight", "class": "key-ctrl"}
        ]
    ]
}

