
{
    "name": "Clavier QWERTY (Anglais)",
    "keys": [
        [
            {"key": "`", "shift": "~", "code": "Backquote"},
            {"key": "1", "shift": "!", "code": "Digit1"},
            {"key": "2", "shift": "@", "code": "Digit2"},
            {"key": "3", "shift": "#", "code": "Digit3"},
            {"key": "4", "shift": "$", "code": "Digit4"},
            {"key": "5", "shift": "%", "code": "Digit5"},
            {"key": "6", "shift": "^", "code": "Digit6"},
            {"key": "7", "shift": "&", "code": "Digit7"},
            {"key": "8", "shift": "*", "code": "Digit8"},
            {"key": "9", "shift": "(", "code": "Digit9"},
            {"key": "0", "shift": ")", "code": "Digit0"},
            {"key": "-", "shift": "_", "code": "Minus"},
            {"key": "=", "shift": "+", "code": "Equal"},
            {"key": "Backspace", "type": "special", "code": "Backspace", "class": "key-backspace"}
        ],
        [
            {"key": "Tab", "type": "special", "code": "Tab", "class": "key-tab"},
            {"key": "q", "shift": "Q", "code": "KeyQ"},
            {"key": "w", "shift": "W", "code": "KeyW"},
            {"key": "e", "shift": "E", "code": "KeyE"},
            {"key": "r", "shift": "R", "code": "KeyR"},
            {"key": "t", "shift": "T", "code": "KeyT"},
            {"key": "y", "shift": "Y", "code": "KeyY"},
            {"key": "u", "shift": "U", "code": "KeyU"},
            {"key": "i", "shift": "I", "code": "KeyI"},
            {"key": "o", "shift": "O", "code": "KeyO"},
            {"key": "p", "shift": "P", "code": "KeyP"},
            {"key": "[", "shift": "{", "code": "BracketLeft"},
            {"key": "]", "shift": "}", "code": "BracketRight"},
            {"key": "\\", "shift": "|", "code": "Backslash"}
        ],
        [
            {"key": "CapsLock", "type": "special", "code": "CapsLock", "class": "key-capslock"},
            {"key": "a", "shift": "A", "code": "KeyA"},
            {"key": "s", "shift": "S", "code": "KeyS"},
            {"key": "d", "shift": "D", "code": "KeyD"},
            {"key": "f", "shift": "F", "code": "KeyF"},
            {"key": "g", "shift": "G", "code": "KeyG"},
            {"key": "h", "shift": "H", "code": "KeyH"},
            {"key": "j", "shift": "J", "code": "KeyJ"},
            {"key": "k", "shift": "K", "code": "KeyK"},
            {"key": "l", "shift": "L", "code": "KeyL"},
            {"key": ";", "shift": ":", "code": "Semicolon"},
            {"key": "'", "shift": "\"", "code": "Quote"},
            {"key": "Enter", "type": "special", "code": "Enter", "class": "key-enter"}
        ],
        [
            {"key": "Shift", "type": "special", "code": "ShiftLeft", "class": "key-shift"},
            {"key": "z", "shift": "Z", "code": "KeyZ"},
            {"key": "x", "shift": "X", "code": "KeyX"},
            {"key": "c", "shift": "C", "code": "KeyC"},
            {"key": "v", "shift": "V", "code": "KeyV"},
            {"key": "b", "shift": "B", "code": "KeyB"},
            {"key": "n", "shift": "N", "code": "KeyN"},
            {"key": "m", "shift": "M", "code": "KeyM"},
            {"key": ",", "shift": "<", "code": "Comma"},
            {"key": ".", "shift": ">", "code": "Period"},
            {"key": "/", "shift": "?", "code": "Slash"},
            {"key": "Shift", "type": "special", "code": "ShiftRight", "class": "key-shift"}
        ],
        [
            {"key": "Ctrl", "type": "special", "code": "ControlLeft", "class": "key-ctrl"},
            {"key": "Alt", "type": "special", "code": "AltLeft", "class": "key-alt"},
            {"key": " ", "type": "space", "code": "Space", "class": "key-space"},
            {"key": "AltGr", "type": "special", "code": "AltRight", "class": "key-altgr"},
            {"key": "Ctrl", "type": "special", "code": "ControlRight", "class": "key-ctrl"}
        ]
    ]
}

