
{
    "name": "Clavier Tifinagh (Amazigh)",
    "keys": [
        [
            {"key": "⵰", "shift": "ⵯ", "code": "Backquote"},
            {"key": "1", "shift": "!", "code": "Digit1"},
            {"key": "2", "shift": "@", "code": "Digit2"},
            {"key": "3", "shift": "#", "code": "Digit3"},
            {"key": "4", "shift": "$", "code": "Digit4"},
            {"key": "5", "shift": "%", "code": "Digit5"},
            {"key": "6", "shift": "^", "code": "Digit6"},
            {"key": "7", "shift": "&", "code": "Digit7"},
            {"key": "8", "shift": "*", "code": "Digit8"},
            {"key": "9", "shift": "(", "code": "Digit9"},
            {"key": "0", "shift": ")", "code": "Digit0"},
            {"key": "-", "shift": "_", "code": "Minus"},
            {"key": "=", "shift": "+", "code": "Equal"},
            {"key": "Backspace", "type": "special", "code": "Backspace", "class": "key-backspace"}
        ],
        [
            {"key": "Tab", "type": "special", "code": "Tab", "class": "key-tab"},
            {"key": "ⵣ", "shift": "ⵥ", "code": "KeyQ"},
            {"key": "ⵡ", "shift": "", "code": "KeyW"},
            {"key": "ⴻ", "shift": "", "code": "KeyE"},
            {"key": "ⵔ", "shift": "ⵕ", "code": "KeyR"},
            {"key": "ⵜ", "shift": "ⵟ", "code": "KeyT"},
            {"key": "ⵢ", "shift": "", "code": "KeyY"},
            {"key": "ⵓ", "shift": "", "code": "KeyU"},
            {"key": "ⵉ", "shift": "", "code": "KeyI"},
            {"key": "ⵄ", "shift": "", "code": "KeyO"},
            {"key": "ⵃ", "shift": "", "code": "KeyP"},
            {"key": "ⵊ", "shift": "", "code": "BracketLeft"},
            {"key": "ⴷ", "shift": "ⴹ", "code": "BracketRight"},
            {"key": "\", "shift": "|", "code": "Backslash"}
        ],
        [
            {"key": "CapsLock", "type": "special", "code": "CapsLock", "class": "key-capslock"},
            {"key": "ⴰ", "shift": "", "code": "KeyA"},
            {"key": "ⵙ", "shift": "ⵚ", "code": "KeyS"},
            {"key": "ⴷ", "shift": "ⴹ", "code": "KeyD"},
            {"key": "ⴼ", "shift": "", "code": "KeyF"},
            {"key": "ⴳ", "shift": "ⴳⵯ", "code": "KeyG"},
            {"key": "ⵀ", "shift": "", "code": "KeyH"},
            {"key": "ⵊ", "shift": "", "code": "KeyJ"},
            {"key": "ⴽ", "shift": "ⴽⵯ", "code": "KeyK"},
            {"key": "ⵍ", "shift": "", "code": "KeyL"},
            {"key": "ⵎ", "shift": "", "code": "Semicolon"},
            {"key": "ⵏ", "shift": "", "code": "Quote"},
            {"key": "Enter", "type": "special", "code": "Enter", "class": "key-enter"}
        ],
        [
            {"key": "Shift", "type": "special", "code": "ShiftLeft", "class": "key-shift"},
            {"key": "ⵛ", "shift": "", "code": "KeyZ"},
            {"key": "ⵅ", "shift": "", "code": "KeyX"},
            {"key": "ⵇ", "shift": "", "code": "KeyC"},
            {"key": "ⴱ", "shift": "", "code": "KeyV"},
            {"key": "", "shift": "", "code": "KeyB"},
            {"key": "", "shift": "", "code": "KeyN"},
            {"key": "", "shift": "", "code": "KeyM"},
            {"key": ",", "shift": "<", "code": "Comma"},
            {"key": ".", "shift": ">", "code": "Period"},
            {"key": "/", "shift": "?", "code": "Slash"},
            {"key": "Shift", "type": "special", "code": "ShiftRight", "class": "key-shift"}
        ],
        [
            {"key": "Ctrl", "type": "special", "code": "ControlLeft", "class": "key-ctrl"},
            {"key": "Alt", "type": "special", "code": "AltLeft", "class": "key-alt"},
            {"key": " ", "type": "space", "code": "Space", "class": "key-space"},
            {"key": "AltGr", "type": "special", "code": "AltGraph", "class": "key-altgr"},
            {"key": "Ctrl", "type": "special", "code": "ControlRight", "class": "key-ctrl"}
        ]
    ]
}

